<?xml version="1.0" encoding="utf-8"?>
<extension type="plugin" group="system" method="upgrade" version="5.0">
  <name>Idioma - Traducción adicional - Helix Ultimate</name>
  <version>2.1.3.1</version>
  <creationDate>2025-10-16</creationDate>
  <author>Andrés Restrepo</author>
  <authorEmail>contacto@alamarte.com</authorEmail>
  <authorUrl>https://alamarte.com</authorUrl>
  <license>GNU/GPL</license>

  <description><![CDATA[
    <div style="line-height:1.5; overflow:hidden;">
      <img src="/plugins/system/alamarteadmintxt/images/logo.png"
           alt="Helix Ultimate"
           style="float:right; height:120px; margin:0 0 10px 10px;" />
      <h3 style="margin:0 0 8px;">Traducción adicional para Helix Ultimate (Administrador)</h3>
      <p>
        Este plugin aplica traducciones y ajustes de interfaz en el área de administración de Helix Ultimate,
        sin modificar el núcleo ni los archivos del template. Incluye:
      </p>
      <ul style="margin:8px 0 12px 18px;">
        <li>Botones (Aplicar, Guardar, Restablecer) y mensajes de la cabecera.</li>
        <li>Títulos de presets (“Preset N” → “Preajuste N”) y etiquetas de color.</li>
        <li>Textos del editor de Layout (Componente, Diseño, Ninguno, Selector de posiciones).</li>
      </ul>
      <p style="margin:6px 0 0;">
        <a href="https://alamarte.com/traducciones/joomshaper/helix-ultimate" target="_blank" rel="noopener">
          Traducciones al español de Helix Ultimate
        </a>
      </p>
      <p style="margin:6px 0 0; font-size:90%;">
        © 2025 <a href="https://alamarte.com" target="_blank" rel="noopener">Andrés Restrepo — alamarte.com</a>
      </p>
    </div>
  ]]></description>

  <files>
    <filename plugin="alamarteadmintxt">alamarteadmintxt.php</filename>
    <!-- Copiar carpeta de imágenes del paquete al directorio del plugin -->
    <folder>images</folder>
  </files>
</extension>
