<?xml version="1.0" encoding="UTF-8" ?>
<extension type="file" method="upgrade" version="5.0">
   <name>Idioma [es-ES] - Helix Ultimate</name>
    <version>2.1.3.1</version>
    <creationDate>15.10.2025</creationDate>
    <author>Andrés Restrepo</author>
    <authorEmail>info@alamarte.com</authorEmail>
    <authorUrl>https://alamarte.com</authorUrl>
    <copyright>Derechos de autor © 2025 Andrés Restrepo</copyright>
    <license>GNU General Public License version 2 or later; see LICENSE.txt</license>

    <description><![CDATA[
        <div style="font-weight: normal;">
          Archivos de idioma en Español (España) <strong>es-ES</strong> para la plantilla <strong>Helix Ultimate v2.1.3</strong> versión del paquete de idioma: <strong>v2.1.3.1</strong>
          <img src="/templates/shaper_helixultimate/images/logo.png" alt="Helix Ultimate" style="float:right; height:120px; margin:0 0 10px 10px;" />
          <p><small>Derechos de autor © 2024 Andrés Restrepo / <a href="https://alamarte.com/" target="_blank" rel="noopener">Alamarte.com</a></small></p>
          <hr>

          <!-- Sugerencia: plugin de idioma para completar la traducción -->
          <div style="background:#f2f7ff;border:1px solid #cfe2ff;border-radius:6px;padding:14px 16px;margin:10px 0; overflow:hidden;">
            <div style="font-size:15px;margin-bottom:6px;"><strong>¿Quieres la traducción del administrador completa?</strong></div>
            <div style="line-height:1.5;">
              Instala el <strong>plugin “Idioma – Traducción adicional – Helix Ultimate”</strong> (versión <strong>2.1.3</strong>),
              que añade textos del panel de plantillas: botones, títulos de presets, etiquetas de colores y el editor de <em>Layout</em>.
            </div>
            <div style="margin-top:10px;">
              <a href="https://alamarte.com/traducciones/joomshaper/helix-ultimate"
                 target="_blank" rel="noopener"
                 style="display:inline-block;background:#0d6efd;color:#fff;text-decoration:none;padding:8px 12px;border-radius:4px;">
                Descargar plugin de traducción (v2.1.3)
              </a>
            </div>
          </div>

          <div style="width: auto; float:left;">Sitio Oficial del Proyecto:&nbsp;</div>
          <a href="https://www.joomshaper.com/joomla-templates/helixultimate" target="_blank" rel="noopener">https://www.joomshaper.com/joomla-templates/helixultimate</a><br />
          <div style="width: auto; float:left;">Traducciones al Español:&nbsp;</div>
          <a href="https://www.alamarte.com/index.php/traducciones/joomshaper/helix-ultimate/" target="_blank" rel="noopener">https://www.alamarte.com/index.php/traducciones/joomshaper/helix-ultimate/</a><br /><br />
          <div style="clear:both;"></div>
        </div>


    ]]></description>

    <media folder="templates" destination="shaper_helixultimate">
        <folder>images</folder>
    </media>
        
    <fileset>
        <!-- Backend. -->
        <files folder="admin/es-ES" target="administrator/language/es-ES">
            <language tag="es-ES">es-ES.plg_system_helixultimate.ini</language>
        </files>

             
        <!-- Frontend. -->
        <files folder="site/es-ES" target="language/es-ES">
            <language tag="es-ES">es-ES.tpl_shaper_helixultimate.ini</language>
        </files>


        <!-- Logo. -->
        <files folder="images" target="templates/shaper_helixultimate/images">
            <file type="image" id="helixultimatelogo">logo.png</file>
        </files>

    </fileset>
</extension>